【キャンペーン実績サマリー】,,,,,,,,,,
,,,,,,,,,,,
■ リンククリック目的キャンペーン,,,,,,,,,,
#,広告コピー（概要）,ステータス,開始日,終了日,クリック数,インプレッション,リーチ,CTR（%）,CPC（USD）,備考
A,体操のような動きで整えましょう,配信中,2026/4/27,2026/5/26,246,6327,8547,3.89%,$0.15,
B,Balance Stretch でもっと…,配信中,2026/4/27,2026/5/26,351,7399,9847,4.74%,$0.10,
C,体操のような動きで整えましょう,終了済,2026/4/27,2026/5/25,265,10809,12708,2.45%,$0.19,
D,体操のような動きで整えましょう,配信中,2026/4/27,2026/5/26,432,7255,10096,5.96%,$0.08,最優秀
E,体操のような動きで整えましょう,終了済,2026/4/28,2026/5/27,134,2288,3447,5.86%,$29.18,⚠️CPC異常値・要確認
F,体操のような動きで整えましょう,終了済,2026/4/28,2026/5/27,160,3584,3897,4.47%,$24.36,⚠️CPC異常値・要確認
,,,,,,,,,,,
合計 / 平均（A〜D）,,,,,1294,31790,41198,平均4.27%,平均$0.13,
,,,,,,,,,,,
■ その他キャンペーン,,,,,,,,,,
#,目的,ステータス,開始日,終了日,結果数,インプレッション,リーチ,費用/結果（USD）,,備考
G,LPページ閲覧（GMBサイト）,配信中,2026/5/1,2026/5/28,226,6568,4798,$21.23,,
H,プロフィール訪問,終了済,2026/4/28,2026/5/27,67,2136,2909,$43.42,,費用対効果低
I,プロフィール訪問,終了済,2026/4/28,2026/5/27,75,2063,2879,$38.39,,費用対効果低
,,,,,,,,,,,
【CTRランキング】,,,,,,,,,,
順位,キャンペーン,CTR（%）,評価,,,,,,,,
1位,D,5.96%,★★★ 最優秀,,,,,,,,
2位,E,5.86%,★★★ 高CTR（ただしCPCに問題）,,,,,,,,
3位,B,4.74%,★★☆ 優秀,,,,,,,,
4位,F,4.47%,★★☆ 良好（ただしCPCに問題）,,,,,,,,
5位,A,3.89%,★★☆ 良好,,,,,,,,
6位,C,2.45%,★☆☆ やや低い,,,,,,,,
,,,,,,,,,,,
【CPCランキング（リンククリック目的）】,,,,,,,,,,
順位,キャンペーン,CPC（USD）,評価,,,,,,,,
1位（最安）,D,$0.08,非常に優秀,,,,,,,,
2位,B,$0.10,優秀,,,,,,,,
3位,A,$0.15,良好,,,,,,,,
4位,C,$0.19,許容範囲内,,,,,,,,
要注意,F,$24.36,⚠️異常値・原因調査必要,,,,,,,,
要注意,E,$29.18,⚠️異常値・原因調査必要,,,,,,,,
,,,,,,,,,,,
【今後のアクションプラン】,,,,,,,,,,
優先度,アクション,対象,期限,備考,,,,,,,,
1,キャンペーンE・Fの実際の費用を広告マネージャーで確認,E・F,今すぐ,予算超過の可能性あり,,,,,,,,
2,重複キャンペーンを整理しDとBに予算集中,C・E・F・H・I,今週中,D＝最高効率・B＝異なるコピーで有効,,,,,,,,
3,予約まで計測できる仕組みを構築（LINE予約など）,G,今月中,GMBサイトをLP化,,,,,,,,
4,専用ランディングページの作成,G,来月,施術メニュー・口コミ・予約ボタンを掲載,,,,,,,,
5,月次レポートの定期確認,全体,継続,CTR1%以上・CPC$0.50以下・頻度7回以下を目安に,,,,,,,,
,,,,,,,,,,,
【用語解説】,,,,,,,,,,
用語,読み方,意味,,,,,,,,
インプレッション,,広告が画面に表示された合計回数（同じ人が2回見ると「2」）,,,,,,,,
リーチ,,広告を見た人数（重複なし）。インプレッションとの違いは「回数」か「人数」か,,,,,,,,
頻度（フリークエンシー）,,1人が広告を見た平均回数（インプレッション÷リーチ）,,,,,,,,
CPM,,1,000回表示あたりの広告費（Cost Per Mille）。安いほど多くの人に届く,,,,,,,,
CPC,,1クリックあたりの広告費（Cost Per Click）。安いほどコスト効率が良い,,,,,,,,
CTR,,広告を見た人のうちクリックした割合（%）。業界平均は0.5〜1%,,,,,,,,
link_click,,ウェブサイトへのリンクがクリックされた回数,,,,,,,,
omni_landing_page_view,,広告クリック後にLPを実際に開いた回数（クリックより質の高い行動）,,,,,,,,
profile_visit_view,,Instagramのプロフィールページを訪問した回数,,,,,,,,
